,time,open,close,high,low,volume,the_date
0,1523139360000.0,0.0030325,0.0030325,0.0030325,0.0030325,11.97,2018-04-07
1,1523225340000.0,0.0032000999999999996,0.0032000999999999996,0.0032000999999999996,0.0032000999999999996,31.995,2018-04-08
2,1523276220000.0,0.0030023000000000003,0.0030023000000000003,0.0030023000000000003,0.0030023000000000003,135.04399999999998,2018-04-09
3,1523386560000.0,0.0030025,0.0030025,0.0030025,0.0030025,29.90834299,2018-04-10
4,1523466420000.0,0.0031769000000000003,0.0031769000000000003,0.0031769000000000003,0.0031769000000000003,30.0,2018-04-11
5,1523576100000.0,0.003,0.003,0.003,0.003,54.43317,2018-04-12
6,1523661720000.0,0.0030453000000000004,0.0030453000000000004,0.0030453000000000004,0.0030453000000000004,24.37952493,2018-04-13
7,1523703000000.0,0.0032367,0.0032499000000000004,0.0032499000000000004,0.0032367,24.0,2018-04-14
8,1523821680000.0,0.0032332,0.0032332999999999997,0.0032332999999999997,0.0032332,401.27917118,2018-04-15
9,1523907360000.0,0.0032478000000000003,0.0032478000000000003,0.0032478000000000003,0.0032478000000000003,31.0,2018-04-16
10,1524004320000.0,0.0032375999999999998,0.0032375999999999998,0.0032375999999999998,0.0032375999999999998,70.01464,2018-04-17
11,1524080160000.0,0.00339,0.00339,0.00339,0.00339,21.0,2018-04-18
12,1524177060000.0,0.0034111999999999996,0.0034111999999999996,0.0034111999999999996,0.0034111999999999996,231.99794513,2018-04-19
13,1524266700000.0,0.00337,0.0033299999999999996,0.00337,0.0033299999999999996,16.0,2018-04-20
14,1524329400000.0,0.0031,0.0031002,0.0031002,0.0031,103.1958,2018-04-21
15,1524441180000.0,0.0033851999999999997,0.0033851999999999997,0.0033851999999999997,0.0033851999999999997,32.54844617,2018-04-22
16,1524527280000.0,0.0031651,0.0031652,0.0031652,0.0031651,395.9868,2018-04-23
17,1524610440000.0,0.0032704,0.003351,0.003351,0.0032704,72.50850489999998,2018-04-24
18,1524700200000.0,0.0032086999999999997,0.0032086,0.0032086999999999997,0.0032086,371.24102999999997,2018-04-25
19,1524786480000.0,0.0032546,0.0032546,0.0032546,0.0032546,47.93922448,2018-04-26
20,1524859380000.0,0.0031951,0.0031951,0.0031951,0.0031951,67.0,2018-04-27
21,1524958260000.0,0.0033356,0.0033356,0.0033356,0.0033356,8.81654115,2018-04-28
22,1525043160000.0,0.0033150999999999996,0.0033150999999999996,0.0033150999999999996,0.0033150999999999996,152.0,2018-04-29
23,1525128480000.0,0.0034773000000000004,0.0034773000000000004,0.0034773000000000004,0.0034773000000000004,8.39762563,2018-04-30
24,1525203060000.0,0.0032145000000000003,0.0032138000000000006,0.0032145000000000003,0.0032138000000000006,567.0543379999998,2018-05-01
25,1525278840000.0,0.0032259,0.0032259,0.0032259,0.0032259,69.93,2018-05-02
26,1525385580000.0,0.0032955,0.0032959000000000005,0.0032959000000000005,0.0032955,713.7137099899999,2018-05-03
27,1525470060000.0,0.003,0.003,0.003,0.003,140.0,2018-05-04
28,1525564440000.0,0.0028,0.0028,0.0028,0.0028,16.28128129,2018-05-05
29,1525618200000.0,0.0027,0.0027,0.0027,0.0027,100.0,2018-05-06
30,1525727700000.0,0.0027,0.0027,0.0027,0.0027,68.00134200000001,2018-05-07
31,1525812420000.0,0.0027534,0.0027534,0.0027534,0.0027534,92.83457416,2018-05-08
32,1525907940000.0,0.0025559999999999997,0.0025559999999999997,0.0025559999999999997,0.0025559999999999997,175.82393794,2018-05-09
33,1525957860000.0,0.0027594,0.0027594,0.0027594,0.0027594,1.823005,2018-05-10
34,1526080380000.0,0.0026571,0.0026569000000000002,0.0026571,0.0026569000000000002,1200.0,2018-05-11
35,1526148060000.0,0.002459,0.0024588,0.002459,0.0024588,338.0,2018-05-12
36,1526248260000.0,0.0023442,0.0023319000000000005,0.0023442,0.0023319000000000005,64.99744189,2018-05-13
37,1526339520000.0,0.0022841,0.0022841,0.0022841,0.0022841,168.84400000000002,2018-05-14
38,1526402100000.0,0.0023616999999999996,0.0023611,0.0023616999999999996,0.0023611,484.66282,2018-05-15
39,1526478540000.0,0.0029059999999999997,0.0029059999999999997,0.0029059999999999997,0.0029059999999999997,17.33322784,2018-05-16
40,1526592660000.0,0.0024994,0.0024994,0.0024994,0.0024994,23.31694521,2018-05-17
41,1526639760000.0,0.0024,0.0024,0.0024,0.0024,415.0,2018-05-18
42,1526769780000.0,0.0024916,0.0024916,0.0024916,0.0024916,163.79878733,2018-05-19
43,1526856180000.0,0.0024994,0.0024994,0.0024994,0.0024994,23.31694521,2018-05-20
44,1526942700000.0,0.0024925999999999998,0.0024925999999999998,0.0024925999999999998,0.0024925999999999998,32.0,2018-05-21
45,1527028980000.0,0.0024884,0.0024884,0.0024884,0.0024884,8.0,2018-05-22
46,1527119400000.0,0.0023211,0.0023211,0.0023211,0.0023211,0.0108,2018-05-23
47,1527146700000.0,0.0022121,0.0022121,0.0022121,0.0022121,107.26139624,2018-05-24
48,1527206400000.0, 2.227E-03, 2.227E-03, 2.227E-03, 2.227E-03, 9.645E+01,2018-05-25
49,1527334080000.0,0.0022588,0.0022588,0.0022588,0.0022588,73.340425,2018-05-26
50,1527460680000.0,0.0024351,0.0024358,0.0024358,0.0024351,361.0,2018-05-27
51,1527526500000.0,0.002489,0.0025019,0.0025019,0.002489,30.11029329,2018-05-28
52,1527637920000.0,0.00235,0.00292,0.00292,0.00235,31.41598243,2018-05-29
53,1527659340000.0,0.0023190000000000003,0.0023190000000000003,0.0023190000000000003,0.0023190000000000003,44.681000000000004,2018-05-30
54,1527808620000.0,0.0023515,0.0023513,0.0023515,0.0023513,445.0668,2018-05-31
55,1527886080000.0,0.0024005,0.0024005,0.0024005,0.0024005,60.71452515,2018-06-01
56,1527924360000.0,0.0024,0.0024,0.0024,0.0024,2.041,2018-06-02
57,1528053600000.0,0.0023235,0.0023235,0.0023235,0.0023235,1184.0,2018-06-03
58,1528127820000.0,0.0022386,0.002239,0.002239,0.0022386,447.0,2018-06-04
59,1528226460000.0,0.0020497,0.0020497,0.0020497,0.0020497,307.06406305,2018-06-05
60,1528306080000.0,0.0020570000000000002,0.0020570000000000002,0.0020570000000000002,0.0020570000000000002,841.1,2018-06-06
61,1528393920000.0,0.0020628,0.0020628,0.0020628,0.0020628,7.1281753,2018-06-07
62,1528486380000.0,0.0020496,0.0020497,0.0020497,0.0020496,299.0,2018-06-08
63,1528569360000.0,0.0020491,0.0020491,0.0020491,0.0020491,10.08609712,2018-06-09
64,1528653180000.0,0.00183,0.0017874000000000002,0.00183,0.0017874000000000002,777.8505,2018-06-10
65,1528752900000.0,0.0017947,0.0017947,0.0017947,0.0017947,50.0,2018-06-11
66,1528831140000.0,0.0017097999999999998,0.0017097999999999998,0.0017097999999999998,0.0017097999999999998,40.97569727,2018-06-12
67,1528914540000.0,0.0016480999999999998,0.0016478999999999999,0.0016480999999999998,0.0016478999999999999,819.0704000000002,2018-06-13
68,1529020020000.0,0.0019694,0.0019699,0.0019699,0.0019694,1060.87,2018-06-14
69,1529102820000.0,0.0018100000000000002,0.0018100000000000002,0.0018100000000000002,0.0018100000000000002,14.4,2018-06-15
70,1529177820000.0,0.0018563,0.0018563,0.0018563,0.0018563,1073.0,2018-06-16
71,1529268420000.0,0.00176,0.001745,0.00176,0.001745,48.0,2018-06-17
72,1529365740000.0,0.0017096,0.0017096,0.0017096,0.0017096,18.25476533,2018-06-18
73,1529423880000.0,0.0016853999999999999,0.0016853999999999999,0.0016853999999999999,0.0016853999999999999,52.05145799,2018-06-19
74,1529506560000.0,0.0016004,0.0016004,0.0016004,0.0016004,15.0,2018-06-20
75,1529619300000.0,0.001685,0.001685,0.001685,0.001685,15.0,2018-06-21
76,1529709180000.0,0.00165,0.00165,0.00165,0.00165,14.4,2018-06-22
77,1529795700000.0,0.0016945999999999999,0.0016945999999999999,0.0016945999999999999,0.0016945999999999999,91.0,2018-06-23
78,1529883420000.0,0.0017453,0.0017453,0.0017453,0.0017453,46.0,2018-06-24
79,1529920620000.0,0.0017,0.0017,0.0017,0.0017,16.070825,2018-06-25
80,1529987280000.0,0.00165,0.00165,0.00165,0.00165,15.0,2018-06-26
81,1530107640000.0,0.0017349,0.0017349,0.0017349,0.0017349,26.193139600000002,2018-06-27
82,1530144000000.0, 1.712E-03, 1.712E-03, 1.712E-03, 1.712E-03, 5.955E+01,2018-06-28
83,1530282660000.0,0.001625,0.001625,0.001625,0.001625,186.76,2018-06-29
84,1530394200000.0,0.0018249000000000002,0.0018249000000000002,0.0018249000000000002,0.0018249000000000002,223.96,2018-06-30
85,1530486060000.0,0.0018208999999999999,0.0018208999999999999,0.0018208999999999999,0.0018208999999999999,476.12,2018-07-01
86,1530554160000.0,0.0019399999999999999,0.0019330999999999999,0.0019399999999999999,0.0019330999999999999,58.0,2018-07-02
87,1530661200000.0,0.001775,0.0017699999999999999,0.001775,0.0017699999999999999,21.81603496,2018-07-03
88,1530747960000.0,0.0018348,0.0018348,0.0018348,0.0018348,48.0,2018-07-04
89,1530834420000.0,0.0017350000000000002,0.0017350000000000002,0.0017350000000000002,0.0017350000000000002,15.0,2018-07-05
90,1530907680000.0,0.0018,0.001805,0.001805,0.0018,30.0,2018-07-06
91,1531006680000.0,0.0017050999999999998,0.0017050999999999998,0.0017050999999999998,0.0017050999999999998,52.092191,2018-07-07
92,1531051740000.0,0.0017054000000000001,0.0017054000000000001,0.0017054000000000001,0.0017054000000000001,55.888000000000005,2018-07-08
93,1531171500000.0,0.0018,0.0018,0.0018,0.0018,1.2,2018-07-09
94,1531258140000.0,0.0017092,0.0017092,0.0017093,0.0017092,264.0,2018-07-10
95,1531350420000.0,0.0016853999999999999,0.0016853999999999999,0.0016853999999999999,0.0016853999999999999,615.0,2018-07-11
96,1531420080000.0,0.0017046,0.0017046,0.0017046,0.0017046,0.47,2018-07-12
97,1531516020000.0,0.0016847000000000001,0.0016847000000000001,0.0016847000000000001,0.0016847000000000001,159.13,2018-07-13
98,1531589040000.0,0.001696,0.001696,0.001696,0.001696,676.29380452,2018-07-14
99,1531612800000.0, 1.701E-03, 1.702E-03, 1.702E-03, 1.701E-03, 6.214E+02,2018-07-15
100,1531699200000.0, 1.720E-03, 1.726E-03, 1.726E-03, 1.720E-03, 4.218E+02,2018-07-16
101,1531855860000.0,0.001755,0.0017675,0.0017675,0.001755,60.0,2018-07-17
102,1531949160000.0,0.0018549,0.0018549,0.0018549,0.0018549,106.98,2018-07-18
103,1532039520000.0,0.0018599,0.00195,0.00195,0.0018599,1401.22983377,2018-07-19
104,1532122560000.0,0.0019645,0.0019645,0.0019645,0.0019645,14.0,2018-07-20
105,1532215020000.0,0.0020299,0.0020299,0.0020299,0.0020299,688.17,2018-07-21
106,1532246160000.0,0.0021701,0.0021701,0.0021701,0.0021701,260.0,2018-07-22
107,1532368200000.0,0.0019136,0.0019135,0.0019136,0.0019135,322.0,2018-07-23
108,1532436240000.0,0.001825,0.001825,0.001825,0.001825,29.921938240000006,2018-07-24
109,1532543460000.0,0.0021724,0.0021728999999999997,0.0021728999999999997,0.0021724,982.29214414,2018-07-25
110,1532609280000.0,0.001825,0.001825,0.001825,0.001825,0.00449576,2018-07-26
111,1532726760000.0,0.0021690999999999998,0.0021690999999999998,0.0021690999999999998,0.0021690999999999998,29.94,2018-07-27
112,1532736000000.0, 2.153E-03, 2.153E-03, 2.153E-03, 2.153E-03, 4.524E+01,2018-07-28
113,1532822400000.0, 1.999E-03, 1.999E-03, 1.999E-03, 1.999E-03, 1.883E+02,2018-07-29
114,1532993640000.0,0.0016952999999999998,0.0016952999999999998,0.0016952999999999998,0.0016952999999999998,471.89288031,2018-07-30
115,1533079680000.0,0.0017878,0.0017882999999999998,0.0017882999999999998,0.0017878,116.0,2018-07-31
116,1533088560000.0,0.0017561,0.0017558,0.0017561,0.0017558,752.37,2018-08-01
117,1533168000000.0, 1.680E-03, 1.680E-03, 1.680E-03, 1.680E-03, 5.025E+02,2018-08-02
118,1533318840000.0,0.0015362,0.0015362,0.0015362,0.0015362,27.944000000000003,2018-08-03
119,1533406260000.0,0.0015359000000000002,0.0015359000000000002,0.0015359000000000002,0.0015359000000000002,190.72,2018-08-04
120,1533456060000.0,0.0015359000000000002,0.0015359000000000002,0.0015359000000000002,0.0015359000000000002,413.35,2018-08-05
121,1533576660000.0,0.0014365,0.0014365,0.0014365,0.0014365,74.64202315,2018-08-06
122,1533645120000.0,0.0016321999999999999,0.0016320999999999998,0.0016339000000000002,0.0016320999999999998,258.03543859,2018-08-07
123,1533749760000.0,0.0014317,0.0014317,0.0014317,0.0014317,111.552448,2018-08-08
124,1533801480000.0,0.0016434999999999998,0.0016434999999999998,0.0016434999999999998,0.0016434999999999998,100.0,2018-08-09
125,1533938520000.0,0.0013170999999999999,0.0013170999999999999,0.0013170999999999999,0.0013170999999999999,18.35701,2018-08-10
126,1534031760000.0,0.0011813,0.0011813,0.0011813,0.0011813,22.0,2018-08-11
127,1534101240000.0,0.0012455,0.0012455,0.0012455,0.0012455,257.81,2018-08-12
128,1534118400000.0, 1.232E-03, 1.232E-03, 1.232E-03, 1.232E-03, 2.763E+02,2018-08-13
129,1534269480000.0,0.0011099,0.0011099,0.0011099,0.0011099,439.04395,2018-08-14
130,1534291200000.0, 1.126E-03, 1.126E-03, 1.126E-03, 1.126E-03, 3.939E+02,2018-08-15
131,1534459860000.0,0.0012489,0.0012489,0.0012489,0.0012489,43.32042,2018-08-16
132,1534542840000.0,0.0013587999999999999,0.0013589000000000001,0.0013589000000000001,0.0013587999999999999,2132.11,2018-08-17
133,1534609860000.0,0.0012813,0.0012813,0.0012813,0.0012813,40.4272,2018-08-18
134,1534636800000.0, 1.270E-03, 1.270E-03, 1.270E-03, 1.270E-03, 8.936E+01,2018-08-19
135,1534723200000.0, 1.234E-03, 1.234E-03, 1.234E-03, 1.234E-03, 2.463E+02,2018-08-20
136,1534868340000.0,0.0011732000000000001,0.0011732000000000001,0.0011732000000000001,0.0011732000000000001,509.91,2018-08-21
137,1534925880000.0,0.00121,0.00121,0.00121,0.00121,74.505,2018-08-22
138,1534982400000.0, 1.196E-03, 1.196E-03, 1.196E-03, 1.196E-03, 1.213E+02,2018-08-23
139,1535090700000.0,0.00117,0.00117,0.00117,0.00117,211.05,2018-08-24
140,1535241060000.0,0.0012595,0.0012595,0.0012595,0.0012594000000000001,1155.13,2018-08-25
141,1535286600000.0,0.0013589000000000001,0.0013589000000000001,0.0013589000000000001,0.0013589000000000001,0.00405,2018-08-26
142,1535395200000.0,0.0015798,0.0015799000000000002,0.0015799000000000002,0.0015798,1515.63,2018-08-27
143,1535463540000.0,0.0014494000000000002,0.0014494000000000002,0.0014494000000000002,0.0014494000000000002,178.56,2018-08-28
144,1535545320000.0,0.0015199999999999999,0.0015199999999999999,0.0015199999999999999,0.0015199999999999999,0.56,2018-08-29
145,1535618340000.0,0.0017933,0.0017933,0.0017933,0.0017933,75.0,2018-08-30
146,1535726880000.0,0.002,0.002,0.002,0.002,100.0,2018-08-31
147,1535844120000.0,0.0018049,0.0018049,0.0018049,0.0018049,248.94937414,2018-09-01
148,1535928360000.0,0.001802,0.0018041,0.0018041,0.001802,677.7051163000001,2018-09-02
149,1535981940000.0,0.0017112000000000002,0.0017112000000000002,0.0017112000000000002,0.0017112000000000002,97.15853753,2018-09-03
150,1536095220000.0,0.0021009,0.0021009,0.0021009,0.0021009,329.67,2018-09-04
151,1536191640000.0,0.0021164,0.0021164,0.0021164,0.0021164,169.0,2018-09-05
152,1536261240000.0,0.0026165,0.0026164,0.0026165,0.0026164,87.25285747000002,2018-09-06
153,1536349260000.0,0.0024515,0.0024518,0.0024518,0.0024515,932.13119228,2018-09-07
154,1536364800000.0, 2.442E-03, 2.442E-03, 2.442E-03, 2.442E-03, 9.141E+02,2018-09-08
155,1536451200000.0, 2.387E-03, 2.388E-03, 2.388E-03, 2.387E-03, 8.138E+02,2018-09-09
156,1536610560000.0,0.0022871,0.0022871,0.0022871,0.0022871,628.74,2018-09-10
157,1536698820000.0,0.0020956,0.0020954999999999997,0.0020956,0.0020954999999999997,408.364372,2018-09-11
158,1536779640000.0,0.0020500999999999996,0.00205,0.0020500999999999996,0.00205,5585.36396159,2018-09-12
159,1536866100000.0,0.0024100000000000002,0.0024100000000000002,0.0024100000000000002,0.0024100000000000002,207.57448002,2018-09-13
160,1536883200000.0, 2.385E-03, 2.373E-03, 2.436E-03, 2.373E-03, 2.068E+02,2018-09-14
161,1536969600000.0, 2.261E-03, 2.186E-03, 2.565E-03, 2.186E-03, 2.028E+02,2018-09-15
162,1537056000000.0, 2.137E-03, 1.999E-03, 2.694E-03, 1.999E-03, 1.988E+02,2018-09-16
163,1537193040000.0,0.0019399999999999999,0.001702,0.0028986,0.001702,192.45882,2018-09-17
164,1537228800000.0, 1.957E-03, 1.763E-03, 2.737E-03, 1.763E-03, 1.627E+02,2018-09-18
165,1537385880000.0,0.0020294,0.0020294,0.0020294,0.0020294,32.0,2018-09-19
166,1537466520000.0,0.0021999000000000003,0.0021999000000000003,0.0021999000000000003,0.0021999000000000003,54.999171200000006,2018-09-20
167,1537488000000.0, 2.175E-03, 2.175E-03, 2.175E-03, 2.175E-03, 5.316E+01,2018-09-21
168,1537641360000.0,0.002,0.002,0.002,0.002,40.0,2018-09-22
169,1537723320000.0,0.0020293,0.0020293,0.0020293,0.0020293,55.79,2018-09-23
170,1537826340000.0,0.002073,0.002073,0.002073,0.002073,34.1517,2018-09-24
171,1537918560000.0,0.0020605999999999997,0.0020605999999999997,0.0020605999999999997,0.0020605999999999997,47.03568194,2018-09-25
172,1537994340000.0,0.002041,0.002041,0.002041,0.002041,52.734258,2018-09-26
173,1538089200000.0,0.0020215,0.0020215,0.0020215,0.0020215,180.04832721,2018-09-27
174,1538162460000.0,0.0020521000000000003,0.0020691999999999998,0.0020691999999999998,0.0020521000000000003,67.71975776000001,2018-09-28
175,1538250180000.0,0.0019163000000000001,0.0019163000000000001,0.0019163000000000001,0.0019163000000000001,70.0,2018-09-29
176,1538338800000.0,0.0020532,0.0020567,0.0020567,0.0020532,92.14286677,2018-09-30
177,1538435400000.0,0.0020472000000000003,0.0020472000000000003,0.0020472000000000003,0.0020472000000000003,64.0,2018-10-01
178,1538510760000.0,0.002071,0.0021574000000000003,0.0021574000000000003,0.002071,1126.6753212,2018-10-02
179,1538589600000.0,0.0020958,0.0020954999999999997,0.0020958,0.0020954999999999997,519.38097684,2018-10-03
180,1538689080000.0,0.0023874,0.002388,0.002388,0.0023874,295.41467484,2018-10-04
181,1538774400000.0,0.0027414,0.0027414,0.0027414,0.0027414,34.29526081,2018-10-05
182,1538859600000.0,0.0025559999999999997,0.0025566,0.0025566,0.0025559999999999997,872.54591154,2018-10-06
183,1538952720000.0,0.0024492,0.0024492,0.0024492,0.0024492,55.380895900000006,2018-10-07
184,1539042840000.0,0.0023908,0.0023986999999999997,0.0023986999999999997,0.0023908,66.52487012,2018-10-08
185,1539070560000.0,0.0024499,0.0024499,0.0024499,0.0024499,55.38090129,2018-10-09
186,1539167340000.0,0.002489,0.0024896000000000002,0.0024896000000000002,0.002489,1134.38717505,2018-10-10
187,1539302100000.0,0.0024817,0.0024817,0.0024817,0.0024817,193.42,2018-10-11
188,1539380880000.0,0.0024006,0.0024005,0.0024006,0.0024005,921.43,2018-10-12
189,1539473940000.0,0.0025263,0.0025263,0.0025263,0.0025263,52.0,2018-10-13
190,1539558000000.0,0.0027228,0.0026364,0.0027228,0.0026364,69.45385648,2018-10-14
191,1539586380000.0,0.0024305999999999998,0.0024100000000000002,0.0024305999999999998,0.0024100000000000002,42.80677194,2018-10-15
192,1539724020000.0,0.00265,0.00265,0.00265,0.00265,34.64722823,2018-10-16
193,1539810120000.0,0.00265,0.0026724,0.0026724,0.00265,37.015440000000005,2018-10-17
194,1539905280000.0,0.0026724,0.0026724,0.0026724,0.0026724,57.0,2018-10-18
195,1539948240000.0,0.0026724,0.002703,0.002703,0.0026724,40.284038200000005,2018-10-19
196,1540026480000.0,0.0028498,0.0028726999999999997,0.0028726999999999997,0.0028498,48.30696235,2018-10-20
197,1540080000000.0, 2.843E-03, 2.859E-03, 2.859E-03, 2.843E-03, 4.389E+01,2018-10-21
198,1540204020000.0,0.0028274999999999997,0.0028274999999999997,0.0028274999999999997,0.0028274999999999997,33.65192703,2018-10-22
199,1540252800000.0, 2.825E-03, 2.825E-03, 2.825E-03, 2.825E-03, 2.945E+01,2018-10-23
200,1540339200000.0, 2.821E-03, 2.821E-03, 2.821E-03, 2.821E-03, 2.202E+01,2018-10-24
201,1540425600000.0, 2.817E-03, 2.817E-03, 2.817E-03, 2.817E-03, 1.458E+01,2018-10-25
202,1540584120000.0,0.0028088,0.0028088,0.0028088,0.0028088,0.94135129,2018-10-26
203,1540598400000.0, 2.803E-03, 2.801E-03, 2.803E-03, 2.801E-03, 3.366E+00,2018-10-27
204,1540684800000.0, 2.766E-03, 2.754E-03, 2.766E-03, 2.754E-03, 1.804E+01,2018-10-28
205,1540813920000.0,0.0027111,0.0026842,0.0027111,0.0026842,39.96090773,2018-10-29
206,1540857600000.0, 2.699E-03, 2.671E-03, 2.699E-03, 2.671E-03, 4.417E+01,2018-10-30
207,1540944000000.0, 2.675E-03, 2.645E-03, 2.675E-03, 2.645E-03, 5.250E+01,2018-10-31
208,1541030400000.0, 2.652E-03, 2.619E-03, 2.652E-03, 2.619E-03, 6.083E+01,2018-11-01
209,1541116800000.0, 2.628E-03, 2.593E-03, 2.628E-03, 2.593E-03, 6.915E+01,2018-11-02
210,1541203200000.0, 2.604E-03, 2.567E-03, 2.604E-03, 2.567E-03, 7.748E+01,2018-11-03
211,1541356020000.0,0.0025623,0.0025214,0.0025623,0.0025214,92.21,2018-11-04
212,1541454240000.0,0.0024611,0.0024611,0.0024611,0.0024611,79.08954075,2018-11-05
213,1541497320000.0,0.002326,0.0023071999999999997,0.002326,0.0023071999999999997,81.30947318,2018-11-06
214,1541597700000.0,0.0024155,0.0024155,0.0024155,0.0024155,45.0,2018-11-07
215,1541702760000.0,0.0024945999999999996,0.0024945999999999996,0.0024945999999999996,0.0024945999999999996,52.93960361,2018-11-08
216,1541769360000.0,0.002359,0.002359,0.002359,0.002359,252.70798565,2018-11-09
217,1541861940000.0,0.0023340999999999995,0.0023426,0.0023426,0.0023340999999999995,86.64200933,2018-11-10
218,1541894400000.0, 2.329E-03, 2.336E-03, 2.336E-03, 2.329E-03, 8.780E+01,2018-11-11
219,1541980800000.0, 2.315E-03, 2.319E-03, 2.319E-03, 2.315E-03, 9.089E+01,2018-11-12
220,1542118080000.0,0.0022925999999999997,0.0022925999999999997,0.0022925999999999997,0.0022925999999999997,95.79767531,2018-11-13
221,1542216000000.0,0.002132,0.002132,0.002132,0.002132,79.0,2018-11-14
222,1542293700000.0,0.002132,0.0021148000000000004,0.002132,0.0021148000000000004,120.0,2018-11-15
223,1542326400000.0, 2.119E-03, 2.104E-03, 2.119E-03, 2.104E-03, 1.130E+02,2018-11-16
224,1542412800000.0, 2.086E-03, 2.074E-03, 2.086E-03, 2.074E-03, 9.462E+01,2018-11-17
225,1542499200000.0, 2.053E-03, 2.045E-03, 2.053E-03, 2.045E-03, 7.621E+01,2018-11-18
226,1542669120000.0,0.0019877,0.0019877,0.0019877,0.0019877,40.0,2018-11-19
227,1542750480000.0,0.0025881,0.0025881,0.0025881,0.0025881,59.89576439,2018-11-20
228,1542758400000.0, 2.556E-03, 2.556E-03, 2.556E-03, 2.556E-03, 7.124E+01,2018-11-21
229,1542903060000.0,0.0019753,0.0019753,0.0019753,0.0019753,278.49920984,2018-11-22
230,1542931200000.0, 1.975E-03, 1.975E-03, 1.975E-03, 1.975E-03, 2.468E+02,2018-11-23
231,1543017600000.0, 1.973E-03, 1.973E-03, 1.973E-03, 1.973E-03, 1.493E+02,2018-11-24
232,1543113660000.0,0.0019717,0.0019717,0.0019717,0.0019717,41.0,2018-11-25
233,1543190400000.0, 2.185E-03, 2.185E-03, 2.185E-03, 2.185E-03, 3.895E+01,2018-11-26
234,1543338660000.0,0.0025971999999999996,0.0025971999999999996,0.0025971999999999996,0.0025971999999999996,35.0,2018-11-27
235,1543363200000.0, 2.575E-03, 2.574E-03, 2.575E-03, 2.574E-03, 4.676E+01,2018-11-28
236,1543449600000.0, 2.499E-03, 2.492E-03, 2.499E-03, 2.492E-03, 8.816E+01,2018-11-29
237,1543536000000.0, 2.422E-03, 2.411E-03, 2.422E-03, 2.411E-03, 1.296E+02,2018-11-30
238,1543673100000.0,0.0023,0.0022815,0.0023,0.0022815,195.26086957,2018-12-01
239,1543785420000.0,0.00233,0.00233,0.00233,0.00233,43.48663458,2018-12-02
240,1543815600000.0,0.0023428,0.0023428,0.0023428,0.0023428,157.85292812,2018-12-03
241,1543881600000.0, 2.354E-03, 2.354E-03, 2.354E-03, 2.354E-03, 1.219E+02,2018-12-04
242,1544032200000.0,0.0023805999999999996,0.0023805999999999996,0.0023805999999999996,0.0023805999999999996,40.0,2018-12-05
243,1544139180000.0,0.0022984999999999998,0.0022984999999999998,0.0022984999999999998,0.0022984999999999998,80.05129999,2018-12-06
244,1544210520000.0,0.0021031999999999995,0.0021031999999999995,0.0021031999999999995,0.0021031999999999995,0.30507905,2018-12-07
245,1544227200000.0, 2.100E-03, 2.100E-03, 2.100E-03, 2.100E-03, 2.266E+00,2018-12-08
246,1544313600000.0, 2.081E-03, 2.081E-03, 2.081E-03, 2.081E-03, 1.242E+01,2018-12-09
247,1544400000000.0, 2.062E-03, 2.062E-03, 2.062E-03, 2.062E-03, 2.258E+01,2018-12-10
248,1544548140000.0,0.00203,0.00203,0.00203,0.00203,40.0,2018-12-11
249,1544649240000.0,0.0020189,0.0020210000000000002,0.0020210000000000002,0.0020189,42.36879778,2018-12-12
250,1544735580000.0,0.0019534,0.0019534,0.0019534,0.0019534,116.15058247,2018-12-13
251,1544826960000.0,0.0018892,0.0018892,0.0018892,0.0018892,166.4494,2018-12-14
252,1544899380000.0,0.0018439,0.0018439,0.0018439,0.0018439,190.55684946,2018-12-15
253,1544984820000.0,0.00196,0.00196,0.00196,0.00196,253.02875419,2018-12-16
254,1545047880000.0,0.00187,0.00187,0.00187,0.00187,102.0,2018-12-17
255,1545176400000.0,0.0018314,0.0018314,0.0018314,0.0018314,169.0,2018-12-18
256,1545247200000.0,0.0018249000000000002,0.0018249000000000002,0.0018249000000000002,0.0018249000000000002,107.0,2018-12-19
257,1545350040000.0,0.0018422,0.0018274,0.0018422,0.0018274,203.21608886,2018-12-20
258,1545415740000.0,0.001935,0.0019195,0.001935,0.0019195,258.0,2018-12-21
259,1545522120000.0,0.0026695,0.0026682,0.0026695,0.0026682,134.40330791999997,2018-12-22
260,1545605520000.0,0.002195,0.0021923000000000003,0.002195,0.0021923000000000003,93.31849418,2018-12-23
261,1545691320000.0,0.0019543,0.0019543,0.0019543,0.0019543,59.94,2018-12-24
262,1545780060000.0,0.0018795,0.0018795,0.0018795,0.0018795,127.71616855,2018-12-25
263,1545850260000.0,0.0018320999999999997,0.0018320999999999997,0.0018320999999999997,0.0018320999999999997,51.0,2018-12-26
264,1545944160000.0,0.0018202000000000001,0.0018202000000000001,0.0018202000000000001,0.0018170000000000003,1927.15792444,2018-12-27
265,1546031760000.0,0.0016971,0.0016971,0.0016971,0.0016971,158.44709439,2018-12-28
266,1546118100000.0,0.0016614999999999998,0.0016614999999999998,0.0016614999999999998,0.0016614999999999998,140.56426685,2018-12-29
267,1546212720000.0,0.0019695,0.0019695,0.0019695,0.0019695,53.84489131,2018-12-30
268,1546288080000.0,0.0017510000000000002,0.0017510000000000002,0.0017510000000000002,0.0017510000000000002,189.0,2018-12-31
269,1546386240000.0,0.0016772000000000002,0.0016772000000000002,0.0016772000000000002,0.0016772000000000002,63.0,2019-01-01
270,1546469640000.0,0.0018737000000000003,0.0018737000000000003,0.0018737000000000003,0.0018737000000000003,149.98036286,2019-01-02
271,1546554420000.0,0.00172,0.00172,0.00172,0.00172,202.63424519,2019-01-03
272,1546638420000.0,0.0017120000000000002,0.0016982,0.0017120000000000002,0.0016982,292.0,2019-01-04
273,1546691160000.0,0.0016305999999999998,0.0016305999999999998,0.0016305999999999998,0.0016305999999999998,213.75133595,2019-01-05
274,1546806720000.0,0.0016935,0.0017082999999999998,0.0017082999999999998,0.0016935,450.0,2019-01-06
275,1546819200000.0, 1.696E-03, 1.709E-03, 1.709E-03, 1.696E-03, 4.204E+02,2019-01-07
276,1546962900000.0,0.0017207000000000001,0.0017207000000000001,0.0017207000000000001,0.0017207000000000001,79.745297,2019-01-08
277,1547024100000.0,0.001685,0.001685,0.001685,0.001685,728.15412,2019-01-09
278,1547126640000.0,0.001714,0.001714,0.001714,0.001714,76.30393882,2019-01-10
279,1547231640000.0,0.0017840999999999998,0.0017945999999999997,0.0017945999999999997,0.0017840999999999998,132.73966574000002,2019-01-11
280,1547251200000.0, 1.790E-03, 1.800E-03, 1.800E-03, 1.790E-03, 1.505E+02,2019-01-12
281,1547395680000.0,0.0018361,0.0018361,0.0018361,0.0018361,281.65840469,2019-01-13
282,1547497080000.0,0.0017422,0.0017422,0.0017422,0.0017422,147.61013219,2019-01-14
283,1547589960000.0,0.0017904,0.0017904,0.0017904,0.0017904,48.8833768,2019-01-15
284,1547683020000.0,0.0018488,0.0018488,0.0018488,0.0018488,1.13399939,2019-01-16
285,1547749080000.0,0.0018835000000000002,0.0018835000000000002,0.0018835000000000002,0.0018835000000000002,69.0,2019-01-17
286,1547833260000.0,0.0019622,0.0019622,0.0019622,0.0019622,45.67495965,2019-01-18
287,1547892180000.0,0.0018757000000000001,0.0018757000000000001,0.0018757000000000001,0.0018757000000000001,155.78405557,2019-01-19
288,1548021060000.0,0.0018492,0.0018492,0.0018492,0.0018492,93.16588464,2019-01-20
289,1548074280000.0,0.0019103999999999998,0.0019103999999999998,0.0019103999999999998,0.0019103999999999998,65.934,2019-01-21
290,1548199200000.0,0.0018750999999999998,0.0019049,0.0019049,0.0018750999999999998,47.60259614,2019-01-22
291,1548287940000.0,0.002226,0.0022443000000000003,0.0022443000000000003,0.002226,57.33899035,2019-01-23
292,1548319800000.0,0.0020545000000000003,0.0020054,0.0020545000000000003,0.0020054,58.19547061,2019-01-24
293,1548426120000.0,0.0020054,0.0019892,0.0020054,0.0019892,58.233889100000006,2019-01-25
294,1548517440000.0,0.0019999,0.0019999,0.0019999,0.0019999,44.0,2019-01-26
295,1548607740000.0,0.0019105,0.0019105,0.0019105,0.0019105,86.0,2019-01-27
296,1548716580000.0,0.0019451,0.0019451,0.0019451,0.0019451,102.19482862,2019-01-28
297,1548720000000.0, 1.945E-03, 1.944E-03, 1.945E-03, 1.944E-03, 1.024E+02,2019-01-29
298,1548806400000.0, 1.932E-03, 1.927E-03, 1.932E-03, 1.927E-03, 1.068E+02,2019-01-30
299,1548978120000.0,0.0019072,0.0018919,0.0019072,0.0018919,115.73337969,2019-01-31
300,1549022280000.0,0.0018675,0.0018829,0.0018829,0.0018675,128.05479123,2019-02-01
301,1549127460000.0,0.0019843,0.0019843,0.0019843,0.0019843,87.49126826,2019-02-02
302,1549207140000.0,0.0020137999999999996,0.0020137999999999996,0.0020137999999999996,0.0020137999999999996,88.00668078,2019-02-03
303,1549292880000.0,0.0019787,0.0019787,0.0019787,0.0019787,88.93612493,2019-02-04
304,1549376220000.0,0.0018999000000000002,0.0018999000000000002,0.0018999000000000002,0.0018999000000000002,105.0,2019-02-05
305,1549468920000.0,0.0018999000000000002,0.0018779,0.0018999000000000002,0.0018779,183.0,2019-02-06
306,1549541280000.0,0.0020337,0.0020337,0.0020337,0.0020337,248.01587302,2019-02-07
307,1549656180000.0,0.0018739999999999998,0.001831,0.0018739999999999998,0.001831,249.75,2019-02-08
308,1549670400000.0, 1.868E-03, 1.827E-03, 1.868E-03, 1.827E-03, 2.555E+02,2019-02-09
309,1549840920000.0,0.0018017,0.0017774000000000002,0.0018017,0.0017774000000000002,324.09752958,2019-02-10
310,1549843200000.0, 1.802E-03, 1.778E-03, 1.802E-03, 1.778E-03, 3.329E+02,2019-02-11
311,1549929600000.0, 1.805E-03, 1.790E-03, 1.805E-03, 1.790E-03, 6.664E+02,2019-02-12
312,1550067060000.0,0.0018090999999999997,0.0018090999999999997,0.0018092,0.0018090999999999997,1196.99793449,2019-02-13
313,1550118780000.0,0.0017521000000000001,0.0017521000000000001,0.0017521000000000001,0.0017521000000000001,202.17904077,2019-02-14
314,1550189820000.0,0.0017760000000000002,0.0017760000000000002,0.0017760000000000002,0.0017760000000000002,135.15035477,2019-02-15
315,1550358060000.0,0.0019364999999999999,0.0019364999999999999,0.0019364999999999999,0.0019364999999999999,119.0,2019-02-16
316,1550447580000.0,0.0018475000000000002,0.0018475000000000002,0.0018475000000000002,0.0018475000000000002,129.8832719,2019-02-17
317,1550527260000.0,0.0018109000000000003,0.0018109000000000003,0.0018109000000000003,0.0018109000000000003,99.79842063,2019-02-18
318,1550596800000.0,0.0017908000000000002,0.0017908000000000002,0.0017908000000000002,0.0017908000000000002,126.0,2019-02-19
319,1550705340000.0,0.0018152,0.0018152,0.0018152,0.0018152,129.0,2019-02-20
320,1550763360000.0,0.0017957999999999997,0.0017957999999999997,0.0017957999999999997,0.0017957999999999997,133.68239291,2019-02-21
321,1550874300000.0,0.0018399999999999998,0.0018399999999999998,0.0018399999999999998,0.0018399999999999998,132.06735385,2019-02-22
322,1550945340000.0,0.0017932000000000002,0.0017788,0.0017932000000000002,0.0017788,167.59858075,2019-02-23
323,1551052680000.0,0.0018805,0.0018805,0.0018805,0.0018805,87.06354633,2019-02-24
324,1551128280000.0,0.0018622,0.0018622,0.0018622,0.0018622,129.91934174,2019-02-25
325,1551220260000.0,0.0022288,0.002225,0.0022288,0.002225,75.0,2019-02-26
326,1551310200000.0,0.0022631,0.0022631,0.0022631,0.0022631,69.87449570000001,2019-02-27
327,1551364680000.0,0.0020875,0.0020875,0.0020875,0.0020875,98.73811586,2019-02-28
328,1551465420000.0,0.0022428,0.0022428,0.0022428,0.0022428,92.0,2019-03-01
329,1551516420000.0,0.0021882,0.0021882,0.0021882,0.0021882,66.57414568,2019-03-02
330,1551616020000.0,0.0022123,0.0022123,0.0022123,0.0022123,91.79354757,2019-03-03
331,1551716580000.0,0.0021673,0.0021673,0.0021673,0.0021673,91.10349232,2019-03-04
332,1551829500000.0,0.0021287,0.0021287,0.0021287,0.0021287,86.0,2019-03-05
333,1551888480000.0,0.0022111,0.0022111,0.0022111,0.0022111,85.17811067,2019-03-06
334,1551950220000.0,0.0022653,0.0022653,0.0022653,0.0022653,70.0,2019-03-07
335,1552056600000.0,0.0022291,0.0022837,0.0022837,0.0022291,83.17701871999998,2019-03-08
336,1552140840000.0,0.0022154,0.0022084,0.0022154,0.0022084,223.86116493,2019-03-09
337,1552217280000.0,0.0022023000000000004,0.0021831,0.0022023000000000004,0.0021831,69.0,2019-03-10
338,1552339740000.0,0.0022919,0.0023103,0.0023103,0.0022919,53.82064211,2019-03-11
339,1552405920000.0,0.002286,0.0022751,0.002286,0.0022751,424.32,2019-03-12
340,1552506360000.0,0.0023624,0.0023624,0.0023975000000000003,0.0023624,131.83957731,2019-03-13
341,1552602780000.0,0.0023388000000000003,0.0023388000000000003,0.0023388000000000003,0.0023388000000000003,63.57341557,2019-03-14
342,1552678680000.0,0.0023813000000000003,0.0023813000000000003,0.0023813000000000003,0.0023813000000000003,80.66914695,2019-03-15
343,1552777260000.0,0.0023870000000000002,0.0024122,0.0024122,0.0023870000000000002,80.46127363,2019-03-16
344,1552821060000.0,0.0024448,0.0024251999999999998,0.0024448,0.0024251999999999998,60.43567851,2019-03-17
345,1552909800000.0,0.0024251999999999998,0.0024251999999999998,0.0024251999999999998,0.0024251999999999998,0.10120486,2019-03-18
346,1553033580000.0,0.0024272,0.0024272,0.0024272,0.0024272,135.0,2019-03-19
347,1553090520000.0,0.0024818,0.0024818,0.0024818,0.0024818,56.85170072,2019-03-20
348,1553180280000.0,0.0024614999999999997,0.0024614999999999997,0.0024614999999999997,0.0024614999999999997,121.62187133,2019-03-21
349,1553212800000.0, 2.454E-03, 2.451E-03, 2.454E-03, 2.451E-03, 1.648E+02,2019-03-22
350,1553362920000.0,0.0024213,0.0024,0.0024213,0.0024,364.33333333,2019-03-23
351,1553418060000.0,0.0024346,0.0024346,0.0024346,0.0024346,62.22012768,2019-03-24
352,1553555700000.0,0.0025,0.0025,0.0025,0.0025,899.64727769,2019-03-25
353,1553624280000.0,0.0027758,0.0028198,0.0028198,0.0027758,217.21123671,2019-03-26
354,1553689680000.0,0.0026252,0.0026252,0.0026252,0.0026252,52.0,2019-03-27
355,1553783520000.0,0.0026028,0.0026028,0.0026028,0.0026028,59.068705,2019-03-28
356,1553880120000.0,0.0025945,0.0025945,0.0025945,0.0025945,47.175609,2019-03-29
357,1553960220000.0,0.0026299,0.0026299,0.0026299,0.0026299,79.86601002,2019-03-30
358,1554053340000.0,0.0027936,0.0027936,0.0027936,0.0027936,187.58206715,2019-03-31
359,1554141900000.0,0.0025901999999999995,0.0025901999999999995,0.0025901999999999995,0.0025901999999999995,187.20690302,2019-04-01
360,1554248760000.0,0.0023473,0.0023473,0.0023473,0.0023473,129.29799901,2019-04-02
361,1554332760000.0,0.002373,0.0024165,0.0024167,0.002373,520.61167046,2019-04-03
362,1554419820000.0,0.0024293,0.0024293,0.0024293,0.0024293,54.25213043,2019-04-04
363,1554466980000.0,0.0023956999999999997,0.0023956999999999997,0.0023956999999999997,0.0023956999999999997,129.443368,2019-04-05
364,1554582180000.0,0.0022759,0.0022759,0.0022759,0.0022759,144.62524224,2019-04-06
365,1554669000000.0,0.0021684,0.0021684,0.0021684,0.0021684,160.74298982,2019-04-07
366,1554760980000.0,0.0020273,0.0020109999999999998,0.0020273,0.0020109999999999998,148.33339254,2019-04-08
367,1554837420000.0,0.0021366,0.0021619,0.0021619,0.0021366,189.21042084,2019-04-09
368,1554928800000.0,0.002025,0.0020307000000000003,0.0020307000000000003,0.002025,59.39585682000001,2019-04-10
369,1554983220000.0,0.0018821999999999999,0.0018821999999999999,0.0018821999999999999,0.0018821999999999999,55.98325311,2019-04-11
370,1555092600000.0,0.0020143,0.0020143,0.0020143,0.0020143,55.0,2019-04-12
371,1555182060000.0,0.0019736000000000003,0.0019736000000000003,0.0019736000000000003,0.0019736000000000003,73.0,2019-04-13
372,1555282140000.0,0.0019835,0.0019835,0.0019835,0.0019835,58.0,2019-04-14
373,1555363800000.0,0.0019473,0.0019473,0.0019473,0.0019473,130.38791631,2019-04-15
374,1555438260000.0,0.0019444000000000002,0.0019600999999999998,0.0019600999999999998,0.0019444000000000002,149.29859719,2019-04-16
375,1555540500000.0,0.0019265999999999999,0.0019265999999999999,0.0019265999999999999,0.0019265999999999999,91.50502851,2019-04-17
376,1555552680000.0,0.0019007000000000002,0.0018854,0.0019007000000000002,0.0018854,190.27526417,2019-04-18
377,1555694220000.0,0.0019265999999999999,0.0019265999999999999,0.0019265999999999999,0.0019265999999999999,117.59333461,2019-04-19
378,1555764720000.0,0.0019575,0.0019575,0.0019575,0.0019575,62.311068299999995,2019-04-20
379,1555826880000.0,0.0018946999999999998,0.0018946999999999998,0.0018946999999999998,0.0018946999999999998,103.0,2019-04-21
380,1555955580000.0,0.0019405999999999998,0.0019405999999999998,0.0019405999999999998,0.0019405999999999998,71.88972597,2019-04-22
381,1556032860000.0,0.0020073,0.0020073,0.0020073,0.0020073,54.70536076,2019-04-23
382,1556128860000.0,0.0017949,0.0017949,0.0017949,0.0017949,188.56512317,2019-04-24
383,1556232900000.0,0.0017594999999999998,0.0017576,0.0017594999999999998,0.0017576,99.9,2019-04-25
384,1556312220000.0,0.0017151,0.0016960999999999999,0.0017151,0.0016960999999999999,412.0316285,2019-04-26
385,1556388420000.0,0.0017744,0.0017744,0.0017744,0.0017744,168.13387042,2019-04-27
386,1556493240000.0,0.0017319000000000002,0.0017319000000000002,0.0017319000000000002,0.0017319000000000002,21.978,2019-04-28
387,1556556420000.0,0.0017176,0.0017176,0.0017176,0.0017176,206.23281393,2019-04-29
388,1556662740000.0,0.0017603999999999999,0.0017603999999999999,0.0017603999999999999,0.0017603999999999999,140.67206084,2019-04-30
389,1556735880000.0,0.0019152000000000001,0.0019152000000000001,0.0019152000000000001,0.0019152000000000001,48.46761662,2019-05-01
390,1556829000000.0,0.0018715999999999997,0.0018715999999999997,0.0018715999999999997,0.0018715999999999997,164.0,2019-05-02
391,1556876100000.0,0.0018348,0.0017765,0.0018348,0.0017765,598.8,2019-05-03
392,1556928000000.0, 1.816E-03, 1.765E-03, 1.816E-03, 1.765E-03, 5.374E+02,2019-05-04
393,1557014400000.0, 1.785E-03, 1.746E-03, 1.785E-03, 1.746E-03, 4.351E+02,2019-05-05
394,1557176400000.0,0.0017271,0.0017107,0.0017271,0.0017107,243.25176991,2019-05-06
395,1557187200000.0, 1.723E-03, 1.708E-03, 1.723E-03, 1.708E-03, 2.403E+02,2019-05-07
396,1557273600000.0, 1.694E-03, 1.685E-03, 1.694E-03, 1.685E-03, 2.166E+02,2019-05-08
397,1557395520000.0,0.0016535,0.0016535,0.0016535,0.0016535,183.22049167,2019-05-09
398,1557504000000.0,0.0016896,0.0016897000000000001,0.0016897000000000001,0.0016896,311.0,2019-05-10
399,1557532800000.0, 1.661E-03, 1.659E-03, 1.661E-03, 1.659E-03, 2.761E+02,2019-05-11
400,1557694500000.0,0.0015,0.0014879000000000001,0.0015,0.0014879000000000001,80.29358971,2019-05-12
401,1557769080000.0,0.0014839,0.001484,0.001484,0.0014839,277.62410473,2019-05-13
402,1557877740000.0,0.0013250999999999998,0.0013250999999999998,0.0013250999999999998,0.0013250999999999998,19.35342948,2019-05-14
403,1557915540000.0,0.0012725999999999998,0.0012725999999999998,0.0012725999999999998,0.0012725999999999998,28.44783858,2019-05-15
404,1558018560000.0,0.0012237,0.0012237,0.0012237,0.0012237,28.57348337,2019-05-16
405,1558051200000.0, 1.236E-03, 1.234E-03, 1.236E-03, 1.234E-03, 5.655E+01,2019-05-17
406,1558209000000.0,0.0012969000000000001,0.0012865,0.0012969000000000001,0.0012865,191.808,2019-05-18
407,1558257960000.0,0.0012657999999999999,0.0012354,0.0012657999999999999,0.0012354,142.0,2019-05-19
408,1558310400000.0, 1.280E-03, 1.254E-03, 1.280E-03, 1.254E-03, 1.237E+02,2019-05-20
409,1558469220000.0,0.0013216,0.0013109999999999999,0.0013216,0.0013109999999999999,68.47389948,2019-05-21
410,1558537860000.0,0.0014098,0.0013984000000000002,0.0014098,0.0013984000000000002,612.42312402,2019-05-22
411,1558569600000.0, 1.392E-03, 1.381E-03, 1.392E-03, 1.381E-03, 5.803E+02,2019-05-23
412,1558656000000.0, 1.342E-03, 1.335E-03, 1.342E-03, 1.335E-03, 4.929E+02,2019-05-24
413,1558742400000.0, 1.293E-03, 1.288E-03, 1.293E-03, 1.288E-03, 4.054E+02,2019-05-25
414,1558907100000.0,0.001199,0.001199,0.001199,0.001199,238.761,2019-05-26
415,1558964580000.0,0.0011591,0.0011591,0.0011591,0.0011591,231.67,2019-05-27
416,1559028300000.0,0.0011591,0.0011439,0.0011591,0.0011439,22.21416807,2019-05-28
417,1559088000000.0, 1.244E-03, 1.233E-03, 1.244E-03, 1.233E-03, 4.654E+01,2019-05-29
418,1559253540000.0,0.00148,0.00148,0.00148,0.00148,114.0,2019-05-30
419,1559322660000.0,0.0016035,0.0016035,0.0016035,0.0016035,14.99552855,2019-05-31
420,1559424720000.0,0.0015029000000000002,0.0014908,0.0015029000000000002,0.0014908,131.868,2019-06-01
421,1559475540000.0,0.0020999,0.0020999,0.0020999,0.0020999,15.0,2019-06-02
422,1559578980000.0,0.0014315999999999999,0.0014315999999999999,0.0014315999999999999,0.0014315999999999999,154.69,2019-06-03
423,1559675520000.0,0.0013418,0.0013309,0.0013418,0.0013309,181.818,2019-06-04
424,1559766600000.0,0.0013095999999999997,0.0013095999999999997,0.0013095999999999997,0.0013095999999999997,162.83700000000002,2019-06-05
425,1559779200000.0, 1.317E-03, 1.318E-03, 1.318E-03, 1.317E-03, 1.549E+02,2019-06-06
426,1559904180000.0,0.0013950999999999998,0.0014062999999999999,0.0014062999999999999,0.0013950999999999998,76.0,2019-06-07
427,1560026940000.0,0.0014395,0.0014279000000000002,0.0014395,0.0014279000000000002,252.842,2019-06-08
428,1560117300000.0,0.0013824000000000002,0.0013189,0.0013824000000000002,0.0013189,41.916000000000004,2019-06-09
429,1560207600000.0,0.0014357999999999999,0.0014243,0.0014357999999999999,0.0014243,216.0,2019-06-10
430,1560271860000.0,0.0014509,0.0014512000000000001,0.0014512000000000001,0.0014509,218.4,2019-06-11
431,1560383520000.0,0.0014012,0.0014012,0.0014012,0.0014012,0.58015731,2019-06-12
432,1560453900000.0,0.0014013,0.0013788000000000001,0.0014013,0.0013788000000000001,138.861,2019-06-13
433,1560520320000.0,0.0013243,0.0013031,0.0013243,0.0013031,67.0,2019-06-14
434,1560636240000.0,0.0013032,0.0013031,0.0013032,0.0013031,14.80307638,2019-06-15
435,1560705540000.0,0.0014469,0.0014470000000000002,0.0014470000000000002,0.0014469,50.0,2019-06-16
436,1560815220000.0,0.0015180999999999999,0.0015304000000000001,0.0015304000000000001,0.0015180999999999999,166.73781300000005,2019-06-17
437,1560896100000.0,0.0015299,0.0015299,0.0015299,0.0015299,23.22216428,2019-06-18
438,1560987540000.0,0.0013592,0.0013592,0.0013592,0.0013592,50.898,2019-06-19
439,1561064580000.0,0.0013888,0.0014133,0.0014133,0.0013888,447.86241306,2019-06-20
440,1561159320000.0,0.0013232,0.001281,0.0013232,0.001281,172.827,2019-06-21
441,1561221540000.0,0.001336,0.001336,0.001336,0.001336,31.213052100000002,2019-06-22
442,1561307280000.0,0.0015257,0.0015257,0.0015257,0.0015257,14.45,2019-06-23
443,1561334400000.0, 1.504E-03, 1.504E-03, 1.504E-03, 1.504E-03, 3.005E+01,2019-06-24
444,1561487100000.0,0.0013796,0.0013796,0.0013796,0.0013796,117.882,2019-06-25
445,1561577400000.0,0.0011958000000000001,0.0011957,0.0011958000000000001,0.0011957,132.86700000000002,2019-06-26
446,1561615560000.0,0.0013165999999999998,0.0013315999999999998,0.0013315999999999998,0.0013165999999999998,151.67517264999995,2019-06-27
447,1561765800000.0,0.0011952,0.0011951,0.0011952,0.0011951,17.99755002,2019-06-28
448,1561800660000.0,0.0010452999999999999,0.0010452999999999999,0.0010452999999999999,0.0010452999999999999,15.984000000000002,2019-06-29
449,1561937340000.0,0.0010765,0.0010765,0.0010765,0.0010764000000000001,461.28354965,2019-06-30
450,1562024580000.0,0.0010993,0.0010993,0.0010993,0.0010993,119.16151578,2019-07-01
451,1562088000000.0,0.0010899,0.0010899,0.0010899,0.0010899,310.20761767,2019-07-02
452,1562192940000.0,0.0010710000000000001,0.0010624,0.0010710000000000001,0.0010624,287.8343672700001,2019-07-03
453,1562227200000.0,9.9731E-4,9.892000000000002E-4,9.9731E-4,9.892000000000002E-4,152.29752906,2019-07-04
454,1562284800000.0, 1.012E-03, 1.006E-03, 1.012E-03, 1.006E-03, 1.408E+02,2019-07-05
455,1562453940000.0,0.0010544,0.0010544,0.0010544,0.0010544,107.00842837,2019-07-06
456,1562521860000.0,0.0010593,0.0010593,0.0010593,0.0010593,323.39425438,2019-07-07
457,1562544000000.0, 1.056E-03, 1.056E-03, 1.056E-03, 1.056E-03, 2.999E+02,2019-07-08
458,1562630400000.0, 1.042E-03, 1.042E-03, 1.042E-03, 1.042E-03, 2.082E+02,2019-07-09
459,1562778360000.0,0.0010192,0.0010192,0.0010192,0.0010192,51.07661492,2019-07-10
460,1562818860000.0,0.0010105000000000001,0.0010105000000000001,0.0010105000000000001,0.0010105000000000001,59.50880429,2019-07-11
461,1562889600000.0, 1.011E-03, 1.011E-03, 1.011E-03, 1.011E-03, 5.504E+01,2019-07-12
462,1563004800000.0,0.0010131,0.001013,0.0010131,0.001013,47.753761,2019-07-13
463,1563062400000.0, 1.051E-03, 1.049E-03, 1.051E-03, 1.049E-03, 1.512E+02,2019-07-14
464,1563150600000.0,0.0011087999999999998,0.0011052999999999998,0.0011087999999999998,0.0011052999999999998,309.62241688,2019-07-15
465,1563303180000.0,0.0011026,0.0011026,0.0011026,0.0011026,12.0,2019-07-16
466,1563321600000.0, 1.100E-03, 1.100E-03, 1.100E-03, 1.100E-03, 1.399E+01,2019-07-17
467,1563461160000.0,0.0010804999999999999,0.0010804999999999999,0.0010804999999999999,0.0010804999999999999,29.03443385,2019-07-18
468,1563494400000.0, 1.081E-03, 1.081E-03, 1.081E-03, 1.081E-03, 2.869E+01,2019-07-19
469,1563592140000.0,0.0010814,0.0010814,0.0010814,0.0010814,27.65926237,2019-07-20
470,1563667200000.0, 1.099E-03, 1.099E-03, 1.099E-03, 1.099E-03, 3.066E+01,2019-07-21
471,1563753600000.0, 1.120E-03, 1.120E-03, 1.120E-03, 1.120E-03, 3.411E+01,2019-07-22
472,1563840000000.0, 1.140E-03, 1.140E-03, 1.140E-03, 1.140E-03, 3.756E+01,2019-07-23
473,1563926400000.0, 1.161E-03, 1.161E-03, 1.161E-03, 1.161E-03, 4.101E+01,2019-07-24
474,1564012800000.0, 1.182E-03, 1.182E-03, 1.182E-03, 1.182E-03, 4.447E+01,2019-07-25
475,1564148820000.0,0.001214,0.001214,0.001214,0.001214,49.90005,2019-07-26
476,1564185600000.0, 1.198E-03, 1.198E-03, 1.198E-03, 1.198E-03, 5.475E+01,2019-07-27
477,1564272000000.0, 1.161E-03, 1.161E-03, 1.161E-03, 1.161E-03, 6.614E+01,2019-07-28
478,1564358400000.0, 1.124E-03, 1.124E-03, 1.124E-03, 1.124E-03, 7.753E+01,2019-07-29
479,1564516380000.0,0.001057,0.001057,0.001057,0.001057,98.36354200000001,2019-07-30
480,1564531200000.0, 1.043E-03, 1.043E-03, 1.043E-03, 1.043E-03, 1.128E+02,2019-07-31
481,1564617600000.0, 9.614E-04, 9.614E-04, 9.614E-04, 9.614E-04, 1.970E+02,2019-08-01
482,1564704000000.0, 8.797E-04, 8.797E-04, 8.797E-04, 8.797E-04, 2.812E+02,2019-08-02
483,1564790400000.0, 7.981E-04, 7.981E-04, 7.981E-04, 7.981E-04, 3.655E+02,2019-08-03
484,1564876800000.0, 7.165E-04, 7.165E-04, 7.165E-04, 7.165E-04, 4.497E+02,2019-08-04
485,1565000100000.0,6.0E-4,6.0E-4,6.0E-4,6.0E-4,569.854,2019-08-05
486,1565128140000.0,0.003,9.3562E-4,0.003,9.3562E-4,29.98,2019-08-06
487,1565179380000.0,9.3562E-4,9.3562E-4,9.3562E-4,9.3562E-4,10.02,2019-08-07
488,1565245500000.0,9.622E-4,9.6317E-4,9.6317E-4,9.622E-4,28.0,2019-08-08
489,1565308800000.0, 9.634E-04, 9.641E-04, 9.643E-04, 9.633E-04, 3.313E+01,2019-08-09
490,1565395200000.0, 9.651E-04, 9.655E-04, 9.658E-04, 9.648E-04, 4.012E+01,2019-08-10
491,1565481600000.0, 9.668E-04, 9.668E-04, 9.673E-04, 9.663E-04, 4.712E+01,2019-08-11
492,1565568000000.0, 9.685E-04, 9.681E-04, 9.688E-04, 9.678E-04, 5.412E+01,2019-08-12
493,1565719560000.0,9.7141E-4,9.7043E-4,9.7141E-4,9.7043E-4,66.39226434,2019-08-13
494,1565822340000.0,9.9182E-4,9.9182E-4,9.9182E-4,9.9182E-4,14.04501408,2019-08-14
495,1565827200000.0, 9.918E-04, 9.918E-04, 9.918E-04, 9.918E-04, 1.563E+01,2019-08-15
496,1565913600000.0, 9.920E-04, 9.918E-04, 9.920E-04, 9.918E-04, 4.388E+01,2019-08-16
497,1566000000000.0, 9.922E-04, 9.918E-04, 9.922E-04, 9.918E-04, 7.212E+01,2019-08-17
498,1566086400000.0, 9.924E-04, 9.918E-04, 9.924E-04, 9.918E-04, 1.004E+02,2019-08-18
499,1566248940000.0,9.9282E-4,9.9182E-4,9.9282E-4,9.9182E-4,153.50198400000002,2019-08-19
500,1566259200000.0, 9.922E-04, 9.911E-04, 9.922E-04, 9.911E-04, 1.547E+02,2019-08-20
501,1566345600000.0, 9.869E-04, 9.852E-04, 9.869E-04, 9.852E-04, 1.647E+02,2019-08-21
502,1566432000000.0, 9.816E-04, 9.793E-04, 9.816E-04, 9.793E-04, 1.748E+02,2019-08-22
503,1566518400000.0, 9.763E-04, 9.734E-04, 9.763E-04, 9.734E-04, 1.848E+02,2019-08-23
504,1566604800000.0, 9.711E-04, 9.675E-04, 9.711E-04, 9.675E-04, 1.949E+02,2019-08-24
505,1566691200000.0, 9.658E-04, 9.615E-04, 9.658E-04, 9.615E-04, 2.049E+02,2019-08-25
506,1566777600000.0, 9.605E-04, 9.556E-04, 9.605E-04, 9.556E-04, 2.150E+02,2019-08-26
507,1566864000000.0, 9.552E-04, 9.497E-04, 9.552E-04, 9.497E-04, 2.250E+02,2019-08-27
508,1566950400000.0, 9.499E-04, 9.438E-04, 9.499E-04, 9.438E-04, 2.351E+02,2019-08-28
509,1567036800000.0, 9.446E-04, 9.379E-04, 9.446E-04, 9.379E-04, 2.451E+02,2019-08-29
510,1567123200000.0, 9.393E-04, 9.320E-04, 9.393E-04, 9.320E-04, 2.552E+02,2019-08-30
511,1567209600000.0, 9.341E-04, 9.261E-04, 9.341E-04, 9.261E-04, 2.652E+02,2019-08-31
512,1567296000000.0, 9.288E-04, 9.201E-04, 9.288E-04, 9.201E-04, 2.753E+02,2019-09-01
513,1567382400000.0, 9.235E-04, 9.142E-04, 9.235E-04, 9.142E-04, 2.853E+02,2019-09-02
514,1567511940000.0,9.1557E-4,9.0536E-4,9.1557E-4,9.0536E-4,300.39,2019-09-03
515,1567609680000.0,9.199999999999999E-4,9.199999999999999E-4,9.199999999999999E-4,9.199999999999999E-4,178.29,2019-09-04
516,1567641600000.0, 9.173E-04, 9.173E-04, 9.173E-04, 9.173E-04, 1.936E+02,2019-09-05
517,1567754760000.0,9.0779E-4,9.0779E-4,9.0779E-4,9.0779E-4,247.96169669,2019-09-06
518,1567814400000.0, 9.049E-04, 9.049E-04, 9.049E-04, 9.049E-04, 5.667E+02,2019-09-07
519,1567914180000.0,9.0E-4,9.0E-4,9.0E-4,9.0E-4,1100.0,2019-09-08
520,1567987200000.0, 8.934E-04, 8.934E-04, 8.934E-04, 8.934E-04, 9.864E+02,2019-09-09
521,1568073600000.0, 8.856E-04, 8.856E-04, 8.856E-04, 8.856E-04, 8.519E+02,2019-09-10
522,1568160000000.0, 8.778E-04, 8.778E-04, 8.778E-04, 8.778E-04, 7.175E+02,2019-09-11
523,1568246400000.0, 8.700E-04, 8.700E-04, 8.700E-04, 8.700E-04, 5.831E+02,2019-09-12
524,1568332800000.0, 8.622E-04, 8.622E-04, 8.622E-04, 8.622E-04, 4.486E+02,2019-09-13
525,1568419200000.0, 8.544E-04, 8.544E-04, 8.544E-04, 8.544E-04, 3.142E+02,2019-09-14
526,1568505600000.0, 8.466E-04, 8.466E-04, 8.466E-04, 8.466E-04, 1.798E+02,2019-09-15
527,1568592600000.0,8.3876E-4,8.3876E-4,8.3876E-4,8.3876E-4,44.38590923,2019-09-16
528,1568678400000.0, 8.213E-04, 8.213E-04, 8.213E-04, 8.213E-04, 3.685E+01,2019-09-17
529,1568787840000.0,7.99E-4,7.99E-4,7.99E-4,7.99E-4,27.236004100000002,2019-09-18
530,1568851200000.0, 8.153E-04, 7.996E-04, 1.342E-03, 7.996E-04, 8.702E+01,2019-09-19
531,1568986380000.0,8.5E-4,8.01E-4,0.0025,8.01E-4,214.568,2019-09-20
532,1569100620000.0,8.2728E-4,8.2728E-4,8.2728E-4,8.2728E-4,80.64288587,2019-09-21
533,1569110400000.0, 8.284E-04, 8.284E-04, 8.284E-04, 8.284E-04, 8.286E+01,2019-09-22
534,1569196800000.0, 8.387E-04, 8.387E-04, 8.387E-04, 8.387E-04, 1.024E+02,2019-09-23
535,1569351360000.0,8.5718E-4,8.5718E-4,8.5718E-4,8.5718E-4,137.43860419,2019-09-24
536,1569369600000.0, 8.571E-04, 8.571E-04, 8.571E-04, 8.571E-04, 1.488E+02,2019-09-25
537,1569456000000.0, 8.568E-04, 8.568E-04, 8.568E-04, 8.568E-04, 2.029E+02,2019-09-26
538,1569542400000.0, 8.565E-04, 8.565E-04, 8.565E-04, 8.565E-04, 2.569E+02,2019-09-27
539,1569628800000.0, 8.562E-04, 8.562E-04, 8.562E-04, 8.562E-04, 3.109E+02,2019-09-28
540,1569715200000.0, 8.559E-04, 8.559E-04, 8.559E-04, 8.559E-04, 3.650E+02,2019-09-29
541,1569868320000.0,8.5531E-4,8.5541E-4,8.5541E-4,8.5531E-4,460.72334175,2019-09-30
